id,available,held,locked
1,1.4770100116729736,0.0,false
2,2.010200023651123,0.0,false
